{
  "precision": 0.554140127388535,
  "recall": 0.8877551020408163,
  "f1": 0.6823529411764706,
  "pr_auc": 0.8759962787477742
}
